{
  "version": "v1.0.0",
  "run_id": "2d692e8c61b04a8ba499d161de0f6591",
  "timestamp": "20260617T195241",
  "threshold": 0.9604522613065327,
  "metrics": {
    "test_roc_auc": 0.9795858745633648,
    "test_auprc": 0.8445227222214383,
    "test_precision": 0.9655172413793104,
    "test_recall": 0.7567567567567568,
    "test_f1": 0.8484848484848485
  },
  "cv": {
    "cv_auprc_mean": 0.9999957526383577,
    "cv_auprc_std": 4.1326874745268455e-06,
    "cv_auprc_min": 0.9999887785243943,
    "cv_auprc_max": 0.9999999885717209
  }
}