{
  "version": "v1.0.0",
  "run_id": "21285b7a48ac4523b75119c639106070",
  "timestamp": "20260625T112711",
  "threshold": 0.6895979899497487,
  "metrics": {
    "test_roc_auc": 0.9741497969550867,
    "test_auprc": 0.8417385985696911,
    "test_precision": 0.9655172413793104,
    "test_recall": 0.7567567567567568,
    "test_f1": 0.8484848484848485
  },
  "cv": {
    "cv_auprc_mean": 0.8531365176754871,
    "cv_auprc_std": 0.01253485227772535,
    "cv_auprc_min": 0.8404247123492351,
    "cv_auprc_max": 0.8771274326103272
  }
}