{
  "version": "v1.0.0",
  "run_id": "0ac5ce1337ce4bc3aaa4b671b5474528",
  "timestamp": "20260614T120415",
  "threshold": 0.99,
  "metrics": {
    "test_roc_auc": 0.9762227055417826,
    "test_auprc": 0.836525973764711,
    "test_precision": 0.9354838709677419,
    "test_recall": 0.7837837837837838,
    "test_f1": 0.8529411764705882
  },
  "cv": {
    "cv_auprc_mean": 0.9999958172205033,
    "cv_auprc_std": 4.9254807942352245e-06,
    "cv_auprc_min": 0.9999867591610024,
    "cv_auprc_max": 0.9999999415329265
  }
}